-- ================================================================
-- JOLIBEE DATABASE SEED SCRIPT - FULL DATA
-- Mỗi đối tượng chính: ≥ 5 bản ghi
-- Quan hệ 1-N: mỗi bản ghi phía "1" → ít nhất 3 bản ghi phía "N"
--
-- Cách dùng:
--   1. Mở MySQL Workbench (hoặc DBeaver)
--   2. Chạy: USE DBjolibi;
--   3. Chạy toàn bộ file này
--
-- Mật khẩu mọi tài khoản: password (BCrypt cost=12)
-- ================================================================
USE DBjolibi;
SET NAMES utf8mb4;
SET FOREIGN_KEY_CHECKS = 0;

-- ----------------------------------------------------------------
-- XOÁ DỮ LIỆU CŨ (thứ tự ngược FK)
-- ----------------------------------------------------------------
TRUNCATE TABLE DeliveryLog;
TRUNCATE TABLE DeliveryInfo;
TRUNCATE TABLE StockMovement;
TRUNCATE TABLE InventoryBatch;
TRUNCATE TABLE ReceiptChange;
TRUNCATE TABLE ReceiptDetail;
TRUNCATE TABLE Receipt;
TRUNCATE TABLE POApproval;
TRUNCATE TABLE PODetail;
TRUNCATE TABLE PurchaseOrder;
TRUNCATE TABLE BillChange;
TRUNCATE TABLE BillDetail;
TRUNCATE TABLE Bill;
TRUNCATE TABLE TicketUser;
TRUNCATE TABLE Ticket;
TRUNCATE TABLE Shift;
TRUNCATE TABLE Receipe;
TRUNCATE TABLE ComboDetail;
TRUNCATE TABLE ProductVarient;
TRUNCATE TABLE Product;
TRUNCATE TABLE DiningTable;
TRUNCATE TABLE Warehouse;
TRUNCATE TABLE EmailVerificationToken;
TRUNCATE TABLE BlackListedToken;
TRUNCATE TABLE `User`;
TRUNCATE TABLE Address;
TRUNCATE TABLE Store;
TRUNCATE TABLE Supplier;
TRUNCATE TABLE Ingredient;

SET FOREIGN_KEY_CHECKS = 1;


-- ================================================================
-- 1. ADDRESS (phải insert trước vì Store và Supplier có FK → Address)
--   add...001-005 : địa chỉ cửa hàng  (StoreID 1-5)
--   add...011-015 : địa chỉ nhà cung cấp (SupplierID 1-5)
--   add...021-025 : địa chỉ khách hàng  (UserID trực tiếp trên Address)
-- ================================================================
INSERT INTO Address (AddressID, HouseNumber, Street, Ward, District, Province, Country, StoreID, SupplierID, UserID, IsDefault)
VALUES
  -- Store addresses
  ('add00001-0000-0000-0000-000000000001', 123, 'Nguyễn Trãi',       'Phường 2',        'Quận 5',      'TP. Hồ Chí Minh', 'Viet Nam', NULL, NULL, NULL, 0),
  ('add00001-0000-0000-0000-000000000002',  45, 'Lê Lợi',            'Phường Bến Nghé', 'Quận 1',      'TP. Hồ Chí Minh', 'Viet Nam', NULL, NULL, NULL, 0),
  ('add00001-0000-0000-0000-000000000003',  78, 'Võ Văn Tần',        'Phường 6',        'Quận 3',      'TP. Hồ Chí Minh', 'Viet Nam', NULL, NULL, NULL, 0),
  ('add00001-0000-0000-0000-000000000004', 200, 'Đinh Tiên Hoàng',   'Phường 1',        'Bình Thạnh',  'TP. Hồ Chí Minh', 'Viet Nam', NULL, NULL, NULL, 0),
  ('add00001-0000-0000-0000-000000000005',  55, 'Nguyễn Văn Nghi',   'Phường 7',        'Gò Vấp',      'TP. Hồ Chí Minh', 'Viet Nam', NULL, NULL, NULL, 0),
  -- Supplier addresses
  ('add00001-0000-0000-0000-000000000011',  10, 'Điện Biên Phủ',     'Phường 15',       'Bình Thạnh',  'TP. Hồ Chí Minh', 'Viet Nam', NULL, NULL, NULL, 0),
  ('add00001-0000-0000-0000-000000000012',  20, 'Cách Mạng Tháng 8', 'Phường 5',        'Tân Bình',    'TP. Hồ Chí Minh', 'Viet Nam', NULL, NULL, NULL, 0),
  ('add00001-0000-0000-0000-000000000013',  30, 'Lý Thường Kiệt',    'Phường 7',        'Quận 10',     'TP. Hồ Chí Minh', 'Viet Nam', NULL, NULL, NULL, 0),
  ('add00001-0000-0000-0000-000000000014',  40, 'Nguyễn Oanh',       'Phường 7',        'Gò Vấp',      'TP. Hồ Chí Minh', 'Viet Nam', NULL, NULL, NULL, 0),
  ('add00001-0000-0000-0000-000000000015',  50, 'Trường Chinh',       'Phường 15',       'Tân Bình',    'TP. Hồ Chí Minh', 'Viet Nam', NULL, NULL, NULL, 0),
  -- Customer addresses (IsDefault = 1, UserID set sau khi insert User)
  ('add00001-0000-0000-0000-000000000021',  88, 'Lê Văn Sỹ',         'Phường 13',       'Quận 3',      'TP. Hồ Chí Minh', 'Viet Nam', NULL, NULL, NULL, 1),
  ('add00001-0000-0000-0000-000000000022',  15, 'Hoàng Diệu',        'Phường 9',        'Quận 4',      'TP. Hồ Chí Minh', 'Viet Nam', NULL, NULL, NULL, 1),
  ('add00001-0000-0000-0000-000000000023',  32, 'Trần Hưng Đạo',     'Phường 1',        'Quận 1',      'TP. Hồ Chí Minh', 'Viet Nam', NULL, NULL, NULL, 1),
  ('add00001-0000-0000-0000-000000000024',  99, 'Nguyễn Đình Chiểu', 'Phường 4',        'Quận 3',      'TP. Hồ Chí Minh', 'Viet Nam', NULL, NULL, NULL, 1),
  ('add00001-0000-0000-0000-000000000025',  77, 'Phan Xích Long',    'Phường 3',        'Phú Nhuận',   'TP. Hồ Chí Minh', 'Viet Nam', NULL, NULL, NULL, 1);


-- ================================================================
-- 2. STORE (5 chi nhánh — AddressID trỏ vào Address đã insert ở trên)
-- ================================================================
INSERT INTO Store (StoreID, StoreName, Phone, Email, TotalReviews, TotalPoints, SeatingCapacity, AddressID, DeletedAt)
VALUES
  (1, 'Jolibee - Quận 5',      '0909000001', 'q5@jolibee.vn',  10, 45,  60, 'add00001-0000-0000-0000-000000000001', NULL),
  (2, 'Jolibee - Quận 1',      '0909000002', 'q1@jolibee.vn',   8, 36,  80, 'add00001-0000-0000-0000-000000000002', NULL),
  (3, 'Jolibee - Quận 3',      '0909000003', 'q3@jolibee.vn',  12, 55,  50, 'add00001-0000-0000-0000-000000000003', NULL),
  (4, 'Jolibee - Bình Thạnh',  '0909000004', 'bt@jolibee.vn',   6, 28,  70, 'add00001-0000-0000-0000-000000000004', NULL),
  (5, 'Jolibee - Gò Vấp',      '0909000005', 'gv@jolibee.vn',   9, 42,  90, 'add00001-0000-0000-0000-000000000005', NULL);

-- Cập nhật StoreID ngược lại vào Address
UPDATE Address SET StoreID = 1 WHERE AddressID = 'add00001-0000-0000-0000-000000000001';
UPDATE Address SET StoreID = 2 WHERE AddressID = 'add00001-0000-0000-0000-000000000002';
UPDATE Address SET StoreID = 3 WHERE AddressID = 'add00001-0000-0000-0000-000000000003';
UPDATE Address SET StoreID = 4 WHERE AddressID = 'add00001-0000-0000-0000-000000000004';
UPDATE Address SET StoreID = 5 WHERE AddressID = 'add00001-0000-0000-0000-000000000005';


-- ================================================================
-- 3. SUPPLIER (5 nhà cung cấp — AddressID trỏ vào Address)
-- ================================================================
INSERT INTO Supplier (SupplierID, SupplierName, Phone, Email, TaxCode, AddressID, DeletedAt)
VALUES
  (1, 'Cty TNHH Nguyên Liệu Việt',   '02811111111', 'ncc1@nguyenlieu.vn',  '0301111111', 'add00001-0000-0000-0000-000000000011', NULL),
  (2, 'Công Ty Thực Phẩm Tươi Sống', '02822222222', 'ncc2@tuoisong.vn',    '0302222222', 'add00001-0000-0000-0000-000000000012', NULL),
  (3, 'HTX Nông Sản Xanh',           '02833333333', 'ncc3@nongsan.vn',     '0303333333', 'add00001-0000-0000-0000-000000000013', NULL),
  (4, 'Cty CP Đồ Uống Sài Gòn',      '02844444444', 'ncc4@douong.vn',      '0304444444', 'add00001-0000-0000-0000-000000000014', NULL),
  (5, 'DN Tư Nhân Gia Vị Hương',     '02855555555', 'ncc5@giavi.vn',       '0305555555', 'add00001-0000-0000-0000-000000000015', NULL);

-- Cập nhật SupplierID ngược lại vào Address
UPDATE Address SET SupplierID = 1 WHERE AddressID = 'add00001-0000-0000-0000-000000000011';
UPDATE Address SET SupplierID = 2 WHERE AddressID = 'add00001-0000-0000-0000-000000000012';
UPDATE Address SET SupplierID = 3 WHERE AddressID = 'add00001-0000-0000-0000-000000000013';
UPDATE Address SET SupplierID = 4 WHERE AddressID = 'add00001-0000-0000-0000-000000000014';
UPDATE Address SET SupplierID = 5 WHERE AddressID = 'add00001-0000-0000-0000-000000000015';


-- ================================================================
-- 4. USER (5 khách hàng + 15 nhân viên — 3 người/chi nhánh)
--
-- Discriminator = 'User'     → khách hàng
-- Discriminator = 'Employee' → nhân viên
-- ================================================================
INSERT INTO `User` (
  UserID, Discriminator,
  UserName, HashPassword, FullName, Email, Phone, Gender,
  BirthDate, CreateAt, IsVerified,
  DeletedAt, EmailVerified, VerifiedExp, PasswordEmail, PasswordEmailExp,
  Role, BasicSalary, StoreID, DeleteAt
) VALUES

-- ---- Khách hàng ----
('cus00001-0000-0000-0000-000000000001', 'User',
 'nguyen_van_a', '$2a$12$LQv3c1yqBWVHxkd0LHAkCOYz6TtxMQJqhN8/lewKyBArcFMuf5Ede',
 'Nguyễn Văn A', 'van.a@gmail.com', '0901100001', 'Male',
 '1995-03-15', '2025-01-10 08:00:00', 1,
 NULL, NULL, NULL, NULL, NULL, NULL, NULL, NULL, NULL),

('cus00001-0000-0000-0000-000000000002', 'User',
 'tran_thi_b', '$2a$12$LQv3c1yqBWVHxkd0LHAkCOYz6TtxMQJqhN8/lewKyBArcFMuf5Ede',
 'Trần Thị B', 'thi.b@gmail.com', '0901100002', 'Female',
 '1998-07-20', '2025-02-01 09:00:00', 1,
 NULL, NULL, NULL, NULL, NULL, NULL, NULL, NULL, NULL),

('cus00001-0000-0000-0000-000000000003', 'User',
 'le_van_c', '$2a$12$LQv3c1yqBWVHxkd0LHAkCOYz6TtxMQJqhN8/lewKyBArcFMuf5Ede',
 'Lê Văn C', 'van.c@gmail.com', '0901100003', 'Male',
 '2000-12-05', '2025-03-15 10:00:00', 1,
 NULL, NULL, NULL, NULL, NULL, NULL, NULL, NULL, NULL),

('cus00001-0000-0000-0000-000000000004', 'User',
 'pham_thi_d', '$2a$12$LQv3c1yqBWVHxkd0LHAkCOYz6TtxMQJqhN8/lewKyBArcFMuf5Ede',
 'Phạm Thị D', 'thi.d@gmail.com', '0901100004', 'Female',
 '1997-05-18', '2025-04-20 11:00:00', 1,
 NULL, NULL, NULL, NULL, NULL, NULL, NULL, NULL, NULL),

('cus00001-0000-0000-0000-000000000005', 'User',
 'hoang_van_e', '$2a$12$LQv3c1yqBWVHxkd0LHAkCOYz6TtxMQJqhN8/lewKyBArcFMuf5Ede',
 'Hoàng Văn E', 'van.e@gmail.com', '0901100005', 'Male',
 '1992-09-30', '2025-05-01 12:00:00', 1,
 NULL, NULL, NULL, NULL, NULL, NULL, NULL, NULL, NULL),

-- ---- Chi nhánh 1: Quận 5 ----
('emp10001-0000-0000-0000-000000000001', 'Employee',
 'manager_q5', '$2a$12$LQv3c1yqBWVHxkd0LHAkCOYz6TtxMQJqhN8/lewKyBArcFMuf5Ede',
 'Lê Minh Quân', 'manager.q5@jolibee.vn', '0902200001', 'Male',
 '1990-01-10', '2024-06-01 07:00:00', 1,
 NULL, NULL, NULL, NULL, NULL, 'Manager', 15000000.00, 1, NULL),

('emp10001-0000-0000-0000-000000000002', 'Employee',
 'dining_q5', '$2a$12$LQv3c1yqBWVHxkd0LHAkCOYz6TtxMQJqhN8/lewKyBArcFMuf5Ede',
 'Phạm Thị Nga', 'dining.q5@jolibee.vn', '0902200002', 'Female',
 '2000-05-22', '2024-06-01 07:00:00', 1,
 NULL, NULL, NULL, NULL, NULL, 'Dining', 8000000.00, 1, NULL),

('emp10001-0000-0000-0000-000000000003', 'Employee',
 'kitchen_q5', '$2a$12$LQv3c1yqBWVHxkd0LHAkCOYz6TtxMQJqhN8/lewKyBArcFMuf5Ede',
 'Đỗ Công Khải', 'kitchen.q5@jolibee.vn', '0902200003', 'Male',
 '1997-11-30', '2024-06-01 07:00:00', 1,
 NULL, NULL, NULL, NULL, NULL, 'Kitchen', 8500000.00, 1, NULL),

-- ---- Chi nhánh 2: Quận 1 ----
('emp20001-0000-0000-0000-000000000001', 'Employee',
 'manager_q1', '$2a$12$LQv3c1yqBWVHxkd0LHAkCOYz6TtxMQJqhN8/lewKyBArcFMuf5Ede',
 'Nguyễn Thị Hoa', 'manager.q1@jolibee.vn', '0902200011', 'Female',
 '1988-03-25', '2024-06-01 07:00:00', 1,
 NULL, NULL, NULL, NULL, NULL, 'Manager', 15000000.00, 2, NULL),

('emp20001-0000-0000-0000-000000000002', 'Employee',
 'dining_q1', '$2a$12$LQv3c1yqBWVHxkd0LHAkCOYz6TtxMQJqhN8/lewKyBArcFMuf5Ede',
 'Trần Văn Hùng', 'dining.q1@jolibee.vn', '0902200012', 'Male',
 '2001-08-15', '2024-06-01 07:00:00', 1,
 NULL, NULL, NULL, NULL, NULL, 'Dining', 8000000.00, 2, NULL),

('emp20001-0000-0000-0000-000000000003', 'Employee',
 'kitchen_q1', '$2a$12$LQv3c1yqBWVHxkd0LHAkCOYz6TtxMQJqhN8/lewKyBArcFMuf5Ede',
 'Võ Thị Lan', 'kitchen.q1@jolibee.vn', '0902200013', 'Female',
 '1999-02-10', '2024-06-01 07:00:00', 1,
 NULL, NULL, NULL, NULL, NULL, 'Kitchen', 8500000.00, 2, NULL),

-- ---- Chi nhánh 3: Quận 3 ----
('emp30001-0000-0000-0000-000000000001', 'Employee',
 'manager_q3', '$2a$12$LQv3c1yqBWVHxkd0LHAkCOYz6TtxMQJqhN8/lewKyBArcFMuf5Ede',
 'Đinh Quốc Toàn', 'manager.q3@jolibee.vn', '0902200021', 'Male',
 '1985-06-20', '2024-06-01 07:00:00', 1,
 NULL, NULL, NULL, NULL, NULL, 'Manager', 15000000.00, 3, NULL),

('emp30001-0000-0000-0000-000000000002', 'Employee',
 'dining_q3', '$2a$12$LQv3c1yqBWVHxkd0LHAkCOYz6TtxMQJqhN8/lewKyBArcFMuf5Ede',
 'Bùi Thị Mai', 'dining.q3@jolibee.vn', '0902200022', 'Female',
 '2002-01-28', '2024-06-01 07:00:00', 1,
 NULL, NULL, NULL, NULL, NULL, 'Dining', 8000000.00, 3, NULL),

('emp30001-0000-0000-0000-000000000003', 'Employee',
 'kitchen_q3', '$2a$12$LQv3c1yqBWVHxkd0LHAkCOYz6TtxMQJqhN8/lewKyBArcFMuf5Ede',
 'Lý Văn Dũng', 'kitchen.q3@jolibee.vn', '0902200023', 'Male',
 '1996-07-14', '2024-06-01 07:00:00', 1,
 NULL, NULL, NULL, NULL, NULL, 'Kitchen', 8500000.00, 3, NULL),

-- ---- Chi nhánh 4: Bình Thạnh ----
('emp40001-0000-0000-0000-000000000001', 'Employee',
 'manager_bt', '$2a$12$LQv3c1yqBWVHxkd0LHAkCOYz6TtxMQJqhN8/lewKyBArcFMuf5Ede',
 'Trương Văn Khánh', 'manager.bt@jolibee.vn', '0902200031', 'Male',
 '1989-09-05', '2024-06-01 07:00:00', 1,
 NULL, NULL, NULL, NULL, NULL, 'Manager', 15000000.00, 4, NULL),

('emp40001-0000-0000-0000-000000000002', 'Employee',
 'dining_bt', '$2a$12$LQv3c1yqBWVHxkd0LHAkCOYz6TtxMQJqhN8/lewKyBArcFMuf5Ede',
 'Hoàng Thị Yến', 'dining.bt@jolibee.vn', '0902200032', 'Female',
 '2003-11-11', '2024-06-01 07:00:00', 1,
 NULL, NULL, NULL, NULL, NULL, 'Dining', 8000000.00, 4, NULL),

('emp40001-0000-0000-0000-000000000003', 'Employee',
 'kitchen_bt', '$2a$12$LQv3c1yqBWVHxkd0LHAkCOYz6TtxMQJqhN8/lewKyBArcFMuf5Ede',
 'Phan Văn Tú', 'kitchen.bt@jolibee.vn', '0902200033', 'Male',
 '1998-04-22', '2024-06-01 07:00:00', 1,
 NULL, NULL, NULL, NULL, NULL, 'Kitchen', 8500000.00, 4, NULL),

-- ---- Chi nhánh 5: Gò Vấp ----
('emp50001-0000-0000-0000-000000000001', 'Employee',
 'manager_gv', '$2a$12$LQv3c1yqBWVHxkd0LHAkCOYz6TtxMQJqhN8/lewKyBArcFMuf5Ede',
 'Ngô Thị Phượng', 'manager.gv@jolibee.vn', '0902200041', 'Female',
 '1987-12-01', '2024-06-01 07:00:00', 1,
 NULL, NULL, NULL, NULL, NULL, 'Manager', 15000000.00, 5, NULL),

('emp50001-0000-0000-0000-000000000002', 'Employee',
 'dining_gv', '$2a$12$LQv3c1yqBWVHxkd0LHAkCOYz6TtxMQJqhN8/lewKyBArcFMuf5Ede',
 'Đặng Văn Minh', 'dining.gv@jolibee.vn', '0902200042', 'Male',
 '2000-06-30', '2024-06-01 07:00:00', 1,
 NULL, NULL, NULL, NULL, NULL, 'Dining', 8000000.00, 5, NULL),

('emp50001-0000-0000-0000-000000000003', 'Employee',
 'kitchen_gv', '$2a$12$LQv3c1yqBWVHxkd0LHAkCOYz6TtxMQJqhN8/lewKyBArcFMuf5Ede',
 'Mai Thị Thúy', 'kitchen.gv@jolibee.vn', '0902200043', 'Female',
 '1995-03-18', '2024-06-01 07:00:00', 1,
 NULL, NULL, NULL, NULL, NULL, 'Kitchen', 8500000.00, 5, NULL);


-- Cập nhật UserID vào Address cho 5 khách hàng
UPDATE Address SET UserID = 'cus00001-0000-0000-0000-000000000001' WHERE AddressID = 'add00001-0000-0000-0000-000000000021';
UPDATE Address SET UserID = 'cus00001-0000-0000-0000-000000000002' WHERE AddressID = 'add00001-0000-0000-0000-000000000022';
UPDATE Address SET UserID = 'cus00001-0000-0000-0000-000000000003' WHERE AddressID = 'add00001-0000-0000-0000-000000000023';
UPDATE Address SET UserID = 'cus00001-0000-0000-0000-000000000004' WHERE AddressID = 'add00001-0000-0000-0000-000000000024';
UPDATE Address SET UserID = 'cus00001-0000-0000-0000-000000000005' WHERE AddressID = 'add00001-0000-0000-0000-000000000025';


-- ================================================================
-- 6. INGREDIENT (10 nguyên liệu)
-- ================================================================
INSERT INTO Ingredient (IngredientID, IngredientName, IngredientUnit, CostPerUnit, DeletedAt)
VALUES
  (1,  'Bánh phở',      'Gram',      50,    NULL),
  (2,  'Thịt bò',       'Gram',      200,   NULL),
  (3,  'Cà phê rang',   'Gram',      150,   NULL),
  (4,  'Trà xanh',      'Gram',      100,   NULL),
  (5,  'Sữa tươi',      'Liter',     30000, NULL),
  (6,  'Bánh mì',       'Unit',      3000,  NULL),
  (7,  'Thịt heo',      'Gram',      120,   NULL),
  (8,  'Gà nguyên con', 'Kilogram',  80000, NULL),
  (9,  'Cam tươi',      'Unit',      5000,  NULL),
  (10, 'Đường',         'Kilogram',  20000, NULL);


-- ================================================================
-- 7. PRODUCT (10 sản phẩm)
-- ================================================================
INSERT INTO Product (ProductID, ProductName, ProductType, Image, DeletedAt)
VALUES
  (1,  'Phở Bò',              'Food',  NULL, NULL),
  (2,  'Bánh Mì Thịt',        'Food',  NULL, NULL),
  (3,  'Cơm Tấm Sườn',        'Food',  NULL, NULL),
  (4,  'Gà Rán',              'Food',  NULL, NULL),
  (5,  'Cà Phê Đen',          'Drink', NULL, NULL),
  (6,  'Trà Sữa',             'Drink', NULL, NULL),
  (7,  'Nước Cam Tươi',       'Drink', NULL, NULL),
  (8,  'Đường Thêm',          'Addon', NULL, NULL),
  (9,  'Combo Phở + Cà Phê',  'Combo', NULL, NULL),
  (10, 'Combo Cơm + Trà Sữa', 'Combo', NULL, NULL);


-- ================================================================
-- 8. PRODUCT VARIANT (3 size cho mỗi sản phẩm = 30 variants)
-- ================================================================
INSERT INTO ProductVarient (ProductVarientID, ProductID, Size, Price, DeletedAt)
VALUES
  -- Phở Bò
  (1,  1, 'S', 55000, NULL),
  (2,  1, 'M', 65000, NULL),
  (3,  1, 'L', 75000, NULL),
  -- Bánh Mì Thịt
  (4,  2, 'S', 25000, NULL),
  (5,  2, 'M', 30000, NULL),
  (6,  2, 'L', 40000, NULL),
  -- Cơm Tấm Sườn
  (7,  3, 'S', 50000, NULL),
  (8,  3, 'M', 60000, NULL),
  (9,  3, 'L', 70000, NULL),
  -- Gà Rán
  (10, 4, 'S', 45000, NULL),
  (11, 4, 'M', 55000, NULL),
  (12, 4, 'L', 65000, NULL),
  -- Cà Phê Đen
  (13, 5, 'S', 25000, NULL),
  (14, 5, 'M', 30000, NULL),
  (15, 5, 'L', 35000, NULL),
  -- Trà Sữa
  (16, 6, 'S', 35000, NULL),
  (17, 6, 'M', 45000, NULL),
  (18, 6, 'L', 55000, NULL),
  -- Nước Cam Tươi
  (19, 7, 'S', 30000, NULL),
  (20, 7, 'M', 40000, NULL),
  (21, 7, 'L', 50000, NULL),
  -- Đường Thêm
  (22, 8, 'S',  3000, NULL),
  (23, 8, 'M',  5000, NULL),
  (24, 8, 'L',  8000, NULL),
  -- Combo Phở + Cà Phê
  (25, 9, 'S',  70000, NULL),
  (26, 9, 'M',  85000, NULL),
  (27, 9, 'L', 100000, NULL),
  -- Combo Cơm + Trà Sữa
  (28, 10, 'S',  80000, NULL),
  (29, 10, 'M',  95000, NULL),
  (30, 10, 'L', 115000, NULL);


-- ================================================================
-- 9. RECIPE (công thức nguyên liệu cho từng variant)
-- ================================================================
INSERT INTO Receipe (IngredientID, ProductVarientID, QtyBeforeProcess, QtyAfterProcess)
VALUES
  -- Phở Bò S, M, L
  (1, 1, 150, 130), (2, 1, 100,  90),
  (1, 2, 200, 180), (2, 2, 150, 120),
  (1, 3, 250, 220), (2, 3, 200, 170),
  -- Bánh Mì S, M, L
  (6, 4, 1, 1), (7, 4,  80, 70),
  (6, 5, 1, 1), (7, 5, 100, 90),
  (6, 6, 1, 1), (7, 6, 130,115),
  -- Cà Phê Đen S, M, L
  (3, 13, 18, 16),
  (3, 14, 22, 20),
  (3, 15, 28, 25),
  -- Trà Sữa S, M, L
  (4, 16, 10,  9), (5, 16, 0.12, 0.12),
  (4, 17, 15, 13), (5, 17, 0.18, 0.18),
  (4, 18, 20, 17), (5, 18, 0.25, 0.25),
  -- Nước Cam S, M, L
  (9, 19, 2, 2),
  (9, 20, 3, 3),
  (9, 21, 4, 4);


-- ================================================================
-- 10. COMBO DETAIL
-- ================================================================
INSERT INTO ComboDetail (ComboID, ProductID, qty)
VALUES
  (9, 1, 1), (9, 5, 1),    -- Combo Phở + Cà Phê
  (10, 3, 1), (10, 6, 1);  -- Combo Cơm + Trà Sữa


-- ================================================================
-- 11. DINING TABLE (3 bàn mỗi chi nhánh = 15 bàn)
-- ================================================================
INSERT INTO DiningTable (TableID, StoreID, TableNumber, Capacity, Status, DeletedAt)
VALUES
  (1,  1, 1, 4, 'Available', NULL),
  (2,  1, 2, 6, 'Available', NULL),
  (3,  1, 3, 2, 'Available', NULL),
  (4,  2, 1, 4, 'Available', NULL),
  (5,  2, 2, 6, 'Available', NULL),
  (6,  2, 3, 8, 'Available', NULL),
  (7,  3, 1, 4, 'Available', NULL),
  (8,  3, 2, 4, 'Available', NULL),
  (9,  3, 3, 2, 'Available', NULL),
  (10, 4, 1, 6, 'Available', NULL),
  (11, 4, 2, 4, 'Available', NULL),
  (12, 4, 3, 8, 'Available', NULL),
  (13, 5, 1, 4, 'Available', NULL),
  (14, 5, 2, 6, 'Available', NULL),
  (15, 5, 3, 4, 'Available', NULL);


-- ================================================================
-- 12. WAREHOUSE (1 kho mỗi chi nhánh = 5 kho)
-- ================================================================
INSERT INTO Warehouse (WarehouseID, StoreID, Capacity, DeletedAt)
VALUES
  (1, 1, 1000, NULL),
  (2, 2, 1200, NULL),
  (3, 3,  800, NULL),
  (4, 4, 1500, NULL),
  (5, 5, 1000, NULL);


-- ================================================================
-- 13. TICKET (5 phiếu giảm giá) + TICKET USER
-- ================================================================
INSERT INTO Ticket (TicketID, StartDate, EndDate, Discount, DeletedAt, UsedAt, UsedBy)
VALUES
  ('tic00001-0000-0000-0000-000000000001', '2026-01-01', '2026-12-31', 0.20, NULL, NULL, NULL),
  ('tic00001-0000-0000-0000-000000000002', '2026-01-01', '2026-12-31', 0.15, NULL, NULL, NULL),
  ('tic00001-0000-0000-0000-000000000003', '2026-01-01', '2026-06-30', 0.10, NULL, NULL, NULL),
  ('tic00001-0000-0000-0000-000000000004', '2026-03-01', '2026-09-30', 0.25, NULL, NULL, NULL),
  ('tic00001-0000-0000-0000-000000000005', '2026-05-01', '2026-12-31', 0.30, NULL, NULL, NULL);

INSERT INTO TicketUser (TicketID, UserID)
VALUES
  ('tic00001-0000-0000-0000-000000000001', 'cus00001-0000-0000-0000-000000000001'),
  ('tic00001-0000-0000-0000-000000000002', 'cus00001-0000-0000-0000-000000000002'),
  ('tic00001-0000-0000-0000-000000000003', 'cus00001-0000-0000-0000-000000000003'),
  ('tic00001-0000-0000-0000-000000000004', 'cus00001-0000-0000-0000-000000000004'),
  ('tic00001-0000-0000-0000-000000000005', 'cus00001-0000-0000-0000-000000000005');


-- ================================================================
-- 14. SHIFT (3 ca mỗi nhân viên × 15 nhân viên = 45 ca)
--     Ngày 2026-05-10, 2026-05-11, 2026-05-12
-- ================================================================
INSERT INTO Shift (ShiftID, EmployeeID, TimeIn, TimeOut, CheckIn, CheckOut, DeletedAt)
VALUES
-- Chi nhánh 1 - Manager
('shf10001-0000-0000-0000-000000000001', 'emp10001-0000-0000-0000-000000000001', '2026-05-10 08:00:00', '2026-05-10 17:00:00', '2026-05-10 08:05:00', '2026-05-10 17:02:00', NULL),
('shf10001-0000-0000-0000-000000000002', 'emp10001-0000-0000-0000-000000000001', '2026-05-11 08:00:00', '2026-05-11 17:00:00', '2026-05-11 07:58:00', '2026-05-11 17:00:00', NULL),
('shf10001-0000-0000-0000-000000000003', 'emp10001-0000-0000-0000-000000000001', '2026-05-12 08:00:00', '2026-05-12 17:00:00', '2026-05-12 08:10:00', '2026-05-12 17:05:00', NULL),
-- Chi nhánh 1 - Dining
('shf10001-0000-0000-0000-000000000004', 'emp10001-0000-0000-0000-000000000002', '2026-05-10 08:00:00', '2026-05-10 17:00:00', '2026-05-10 07:55:00', '2026-05-10 17:01:00', NULL),
('shf10001-0000-0000-0000-000000000005', 'emp10001-0000-0000-0000-000000000002', '2026-05-11 08:00:00', '2026-05-11 17:00:00', '2026-05-11 08:02:00', '2026-05-11 17:00:00', NULL),
('shf10001-0000-0000-0000-000000000006', 'emp10001-0000-0000-0000-000000000002', '2026-05-12 08:00:00', '2026-05-12 17:00:00', '2026-05-12 08:00:00', '2026-05-12 17:03:00', NULL),
-- Chi nhánh 1 - Kitchen
('shf10001-0000-0000-0000-000000000007', 'emp10001-0000-0000-0000-000000000003', '2026-05-10 08:00:00', '2026-05-10 17:00:00', '2026-05-10 08:10:00', '2026-05-10 17:05:00', NULL),
('shf10001-0000-0000-0000-000000000008', 'emp10001-0000-0000-0000-000000000003', '2026-05-11 08:00:00', '2026-05-11 17:00:00', '2026-05-11 08:00:00', '2026-05-11 17:00:00', NULL),
('shf10001-0000-0000-0000-000000000009', 'emp10001-0000-0000-0000-000000000003', '2026-05-12 08:00:00', '2026-05-12 17:00:00', '2026-05-12 08:07:00', '2026-05-12 17:02:00', NULL),
-- Chi nhánh 2 - Manager
('shf20001-0000-0000-0000-000000000001', 'emp20001-0000-0000-0000-000000000001', '2026-05-10 08:00:00', '2026-05-10 17:00:00', '2026-05-10 08:03:00', '2026-05-10 17:00:00', NULL),
('shf20001-0000-0000-0000-000000000002', 'emp20001-0000-0000-0000-000000000001', '2026-05-11 08:00:00', '2026-05-11 17:00:00', '2026-05-11 08:00:00', '2026-05-11 17:01:00', NULL),
('shf20001-0000-0000-0000-000000000003', 'emp20001-0000-0000-0000-000000000001', '2026-05-12 08:00:00', '2026-05-12 17:00:00', '2026-05-12 08:05:00', '2026-05-12 17:00:00', NULL),
-- Chi nhánh 2 - Dining
('shf20001-0000-0000-0000-000000000004', 'emp20001-0000-0000-0000-000000000002', '2026-05-10 08:00:00', '2026-05-10 17:00:00', '2026-05-10 07:59:00', '2026-05-10 17:02:00', NULL),
('shf20001-0000-0000-0000-000000000005', 'emp20001-0000-0000-0000-000000000002', '2026-05-11 08:00:00', '2026-05-11 17:00:00', '2026-05-11 08:01:00', '2026-05-11 17:00:00', NULL),
('shf20001-0000-0000-0000-000000000006', 'emp20001-0000-0000-0000-000000000002', '2026-05-12 08:00:00', '2026-05-12 17:00:00', '2026-05-12 08:00:00', '2026-05-12 17:01:00', NULL),
-- Chi nhánh 2 - Kitchen
('shf20001-0000-0000-0000-000000000007', 'emp20001-0000-0000-0000-000000000003', '2026-05-10 08:00:00', '2026-05-10 17:00:00', '2026-05-10 08:08:00', '2026-05-10 17:04:00', NULL),
('shf20001-0000-0000-0000-000000000008', 'emp20001-0000-0000-0000-000000000003', '2026-05-11 08:00:00', '2026-05-11 17:00:00', '2026-05-11 08:00:00', '2026-05-11 17:00:00', NULL),
('shf20001-0000-0000-0000-000000000009', 'emp20001-0000-0000-0000-000000000003', '2026-05-12 08:00:00', '2026-05-12 17:00:00', '2026-05-12 08:04:00', '2026-05-12 17:03:00', NULL),
-- Chi nhánh 3 - Manager
('shf30001-0000-0000-0000-000000000001', 'emp30001-0000-0000-0000-000000000001', '2026-05-10 08:00:00', '2026-05-10 17:00:00', '2026-05-10 08:00:00', '2026-05-10 17:00:00', NULL),
('shf30001-0000-0000-0000-000000000002', 'emp30001-0000-0000-0000-000000000001', '2026-05-11 08:00:00', '2026-05-11 17:00:00', '2026-05-11 08:06:00', '2026-05-11 17:01:00', NULL),
('shf30001-0000-0000-0000-000000000003', 'emp30001-0000-0000-0000-000000000001', '2026-05-12 08:00:00', '2026-05-12 17:00:00', '2026-05-12 08:00:00', '2026-05-12 17:00:00', NULL),
-- Chi nhánh 3 - Dining
('shf30001-0000-0000-0000-000000000004', 'emp30001-0000-0000-0000-000000000002', '2026-05-10 08:00:00', '2026-05-10 17:00:00', '2026-05-10 08:03:00', '2026-05-10 17:02:00', NULL),
('shf30001-0000-0000-0000-000000000005', 'emp30001-0000-0000-0000-000000000002', '2026-05-11 08:00:00', '2026-05-11 17:00:00', '2026-05-11 07:57:00', '2026-05-11 17:00:00', NULL),
('shf30001-0000-0000-0000-000000000006', 'emp30001-0000-0000-0000-000000000002', '2026-05-12 08:00:00', '2026-05-12 17:00:00', '2026-05-12 08:02:00', '2026-05-12 17:01:00', NULL),
-- Chi nhánh 3 - Kitchen
('shf30001-0000-0000-0000-000000000007', 'emp30001-0000-0000-0000-000000000003', '2026-05-10 08:00:00', '2026-05-10 17:00:00', '2026-05-10 08:12:00', '2026-05-10 17:06:00', NULL),
('shf30001-0000-0000-0000-000000000008', 'emp30001-0000-0000-0000-000000000003', '2026-05-11 08:00:00', '2026-05-11 17:00:00', '2026-05-11 08:01:00', '2026-05-11 17:00:00', NULL),
('shf30001-0000-0000-0000-000000000009', 'emp30001-0000-0000-0000-000000000003', '2026-05-12 08:00:00', '2026-05-12 17:00:00', '2026-05-12 08:00:00', '2026-05-12 17:02:00', NULL),
-- Chi nhánh 4 - Manager
('shf40001-0000-0000-0000-000000000001', 'emp40001-0000-0000-0000-000000000001', '2026-05-10 08:00:00', '2026-05-10 17:00:00', '2026-05-10 07:58:00', '2026-05-10 17:00:00', NULL),
('shf40001-0000-0000-0000-000000000002', 'emp40001-0000-0000-0000-000000000001', '2026-05-11 08:00:00', '2026-05-11 17:00:00', '2026-05-11 08:00:00', '2026-05-11 17:00:00', NULL),
('shf40001-0000-0000-0000-000000000003', 'emp40001-0000-0000-0000-000000000001', '2026-05-12 08:00:00', '2026-05-12 17:00:00', '2026-05-12 08:04:00', '2026-05-12 17:03:00', NULL),
-- Chi nhánh 4 - Dining
('shf40001-0000-0000-0000-000000000004', 'emp40001-0000-0000-0000-000000000002', '2026-05-10 08:00:00', '2026-05-10 17:00:00', '2026-05-10 08:01:00', '2026-05-10 17:00:00', NULL),
('shf40001-0000-0000-0000-000000000005', 'emp40001-0000-0000-0000-000000000002', '2026-05-11 08:00:00', '2026-05-11 17:00:00', '2026-05-11 08:00:00', '2026-05-11 17:02:00', NULL),
('shf40001-0000-0000-0000-000000000006', 'emp40001-0000-0000-0000-000000000002', '2026-05-12 08:00:00', '2026-05-12 17:00:00', '2026-05-12 08:09:00', '2026-05-12 17:04:00', NULL),
-- Chi nhánh 4 - Kitchen
('shf40001-0000-0000-0000-000000000007', 'emp40001-0000-0000-0000-000000000003', '2026-05-10 08:00:00', '2026-05-10 17:00:00', '2026-05-10 08:05:00', '2026-05-10 17:01:00', NULL),
('shf40001-0000-0000-0000-000000000008', 'emp40001-0000-0000-0000-000000000003', '2026-05-11 08:00:00', '2026-05-11 17:00:00', '2026-05-11 08:00:00', '2026-05-11 17:00:00', NULL),
('shf40001-0000-0000-0000-000000000009', 'emp40001-0000-0000-0000-000000000003', '2026-05-12 08:00:00', '2026-05-12 17:00:00', '2026-05-12 08:03:00', '2026-05-12 17:02:00', NULL),
-- Chi nhánh 5 - Manager
('shf50001-0000-0000-0000-000000000001', 'emp50001-0000-0000-0000-000000000001', '2026-05-10 08:00:00', '2026-05-10 17:00:00', '2026-05-10 08:00:00', '2026-05-10 17:00:00', NULL),
('shf50001-0000-0000-0000-000000000002', 'emp50001-0000-0000-0000-000000000001', '2026-05-11 08:00:00', '2026-05-11 17:00:00', '2026-05-11 08:07:00', '2026-05-11 17:01:00', NULL),
('shf50001-0000-0000-0000-000000000003', 'emp50001-0000-0000-0000-000000000001', '2026-05-12 08:00:00', '2026-05-12 17:00:00', '2026-05-12 08:00:00', '2026-05-12 17:00:00', NULL),
-- Chi nhánh 5 - Dining
('shf50001-0000-0000-0000-000000000004', 'emp50001-0000-0000-0000-000000000002', '2026-05-10 08:00:00', '2026-05-10 17:00:00', '2026-05-10 08:02:00', '2026-05-10 17:01:00', NULL),
('shf50001-0000-0000-0000-000000000005', 'emp50001-0000-0000-0000-000000000002', '2026-05-11 08:00:00', '2026-05-11 17:00:00', '2026-05-11 07:59:00', '2026-05-11 17:00:00', NULL),
('shf50001-0000-0000-0000-000000000006', 'emp50001-0000-0000-0000-000000000002', '2026-05-12 08:00:00', '2026-05-12 17:00:00', '2026-05-12 08:00:00', '2026-05-12 17:03:00', NULL),
-- Chi nhánh 5 - Kitchen
('shf50001-0000-0000-0000-000000000007', 'emp50001-0000-0000-0000-000000000003', '2026-05-10 08:00:00', '2026-05-10 17:00:00', '2026-05-10 08:11:00', '2026-05-10 17:06:00', NULL),
('shf50001-0000-0000-0000-000000000008', 'emp50001-0000-0000-0000-000000000003', '2026-05-11 08:00:00', '2026-05-11 17:00:00', '2026-05-11 08:00:00', '2026-05-11 17:00:00', NULL),
('shf50001-0000-0000-0000-000000000009', 'emp50001-0000-0000-0000-000000000003', '2026-05-12 08:00:00', '2026-05-12 17:00:00', '2026-05-12 08:06:00', '2026-05-12 17:02:00', NULL);


-- ================================================================
-- 15. PURCHASE ORDER (5 đơn đặt hàng)
--     Mỗi PO có 3 dòng nguyên liệu + 3 bước duyệt
-- ================================================================
INSERT INTO PurchaseOrder (POID, StoreID, SupplierID, TaxRate, Total, DeletedAt)
VALUES
  ('po000001-0000-0000-0000-000000000001', 1, 1, 0.10, 1265000,  NULL),
  ('po000001-0000-0000-0000-000000000002', 2, 2, 0.10,  880000,  NULL),
  ('po000001-0000-0000-0000-000000000003', 3, 3, 0.10, 1254000,  NULL),
  ('po000001-0000-0000-0000-000000000004', 4, 4, 0.10,  550000,  NULL),
  ('po000001-0000-0000-0000-000000000005', 5, 5, 0.10,  825000,  NULL);

-- PO Details (3 nguyên liệu / PO)
INSERT INTO PODetail (POID, IngredientID, Quantity, UnitPriceExpected)
VALUES
  -- PO1: bánh phở + thịt bò + cà phê rang
  ('po000001-0000-0000-0000-000000000001', 1, 5000,  50),
  ('po000001-0000-0000-0000-000000000001', 2, 3000, 200),
  ('po000001-0000-0000-0000-000000000001', 3, 2000, 150),
  -- PO2: trà xanh + sữa tươi + bánh mì
  ('po000001-0000-0000-0000-000000000002', 4, 2000,  100),
  ('po000001-0000-0000-0000-000000000002', 5,   10, 30000),
  ('po000001-0000-0000-0000-000000000002', 6,  100,  3000),
  -- PO3: thịt heo + gà nguyên con + cam tươi
  ('po000001-0000-0000-0000-000000000003', 7, 2000,  120),
  ('po000001-0000-0000-0000-000000000003', 8,    5, 80000),
  ('po000001-0000-0000-0000-000000000003', 9,  100,  5000),
  -- PO4: bánh phở + sữa tươi + đường
  ('po000001-0000-0000-0000-000000000004', 1, 3000,  50),
  ('po000001-0000-0000-0000-000000000004', 5,    5, 30000),
  ('po000001-0000-0000-0000-000000000004', 10,  10, 20000),
  -- PO5: thịt bò + bánh mì + đường
  ('po000001-0000-0000-0000-000000000005', 2, 2000, 200),
  ('po000001-0000-0000-0000-000000000005', 6,   50, 3000),
  ('po000001-0000-0000-0000-000000000005', 10,  10, 20000);

-- PO Approvals (3 bước / PO: Submitted → Ordered → Approved)
INSERT INTO POApproval (POApprovalID, POID, EmployeeID, LastUpdated, Comment, CancelledReason, POStatus)
VALUES
  -- PO1
  ('poa10001-0000-0000-0000-000000000001', 'po000001-0000-0000-0000-000000000001', 'emp10001-0000-0000-0000-000000000001', '2026-05-06 08:00:00', 'Tạo đơn hàng', NULL, 'Submitted'),
  ('poa10001-0000-0000-0000-000000000002', 'po000001-0000-0000-0000-000000000001', 'emp10001-0000-0000-0000-000000000001', '2026-05-07 09:00:00', 'Đã đặt hàng NCC', NULL, 'Ordered'),
  ('poa10001-0000-0000-0000-000000000003', 'po000001-0000-0000-0000-000000000001', 'emp10001-0000-0000-0000-000000000001', '2026-05-08 09:00:00', 'Đã kiểm tra và duyệt', NULL, 'Received'),
  -- PO2
  ('poa20001-0000-0000-0000-000000000001', 'po000001-0000-0000-0000-000000000002', 'emp20001-0000-0000-0000-000000000001', '2026-05-06 08:30:00', 'Tạo đơn hàng', NULL, 'Submitted'),
  ('poa20001-0000-0000-0000-000000000002', 'po000001-0000-0000-0000-000000000002', 'emp20001-0000-0000-0000-000000000001', '2026-05-07 09:30:00', 'Đã đặt hàng NCC', NULL, 'Ordered'),
  ('poa20001-0000-0000-0000-000000000003', 'po000001-0000-0000-0000-000000000002', 'emp20001-0000-0000-0000-000000000001', '2026-05-08 10:00:00', 'Đã kiểm tra và duyệt', NULL, 'Received'),
  -- PO3
  ('poa30001-0000-0000-0000-000000000001', 'po000001-0000-0000-0000-000000000003', 'emp30001-0000-0000-0000-000000000001', '2026-05-06 09:00:00', 'Tạo đơn hàng', NULL, 'Submitted'),
  ('poa30001-0000-0000-0000-000000000002', 'po000001-0000-0000-0000-000000000003', 'emp30001-0000-0000-0000-000000000001', '2026-05-07 10:00:00', 'Đã đặt hàng NCC', NULL, 'Ordered'),
  ('poa30001-0000-0000-0000-000000000003', 'po000001-0000-0000-0000-000000000003', 'emp30001-0000-0000-0000-000000000001', '2026-05-08 11:00:00', 'Đã kiểm tra và duyệt', NULL, 'Received'),
  -- PO4
  ('poa40001-0000-0000-0000-000000000001', 'po000001-0000-0000-0000-000000000004', 'emp40001-0000-0000-0000-000000000001', '2026-05-06 09:30:00', 'Tạo đơn hàng', NULL, 'Submitted'),
  ('poa40001-0000-0000-0000-000000000002', 'po000001-0000-0000-0000-000000000004', 'emp40001-0000-0000-0000-000000000001', '2026-05-07 10:30:00', 'Đã đặt hàng NCC', NULL, 'Ordered'),
  ('poa40001-0000-0000-0000-000000000003', 'po000001-0000-0000-0000-000000000004', 'emp40001-0000-0000-0000-000000000001', '2026-05-08 11:30:00', 'Đã kiểm tra và duyệt', NULL, 'Received'),
  -- PO5
  ('poa50001-0000-0000-0000-000000000001', 'po000001-0000-0000-0000-000000000005', 'emp50001-0000-0000-0000-000000000001', '2026-05-06 10:00:00', 'Tạo đơn hàng', NULL, 'Submitted'),
  ('poa50001-0000-0000-0000-000000000002', 'po000001-0000-0000-0000-000000000005', 'emp50001-0000-0000-0000-000000000001', '2026-05-07 11:00:00', 'Đã đặt hàng NCC', NULL, 'Ordered'),
  ('poa50001-0000-0000-0000-000000000003', 'po000001-0000-0000-0000-000000000005', 'emp50001-0000-0000-0000-000000000001', '2026-05-08 12:00:00', 'Đã kiểm tra và duyệt', NULL, 'Received');


-- ================================================================
-- 16. RECEIPT (5 phiếu nhập hàng — 1 theo mỗi PO)
--     Mỗi phiếu có 3 dòng chi tiết + 3 trạng thái thay đổi
-- ================================================================
INSERT INTO Receipt (ReceiptID, DateReceive, DeletedAt, EmployeeID, StoreID, SupplierID, POID)
VALUES
  ('rec00001-0000-0000-0000-000000000001', '2026-05-09 10:00:00', NULL, 'emp10001-0000-0000-0000-000000000003', 1, 1, 'po000001-0000-0000-0000-000000000001'),
  ('rec00001-0000-0000-0000-000000000002', '2026-05-09 10:30:00', NULL, 'emp20001-0000-0000-0000-000000000003', 2, 2, 'po000001-0000-0000-0000-000000000002'),
  ('rec00001-0000-0000-0000-000000000003', '2026-05-09 11:00:00', NULL, 'emp30001-0000-0000-0000-000000000003', 3, 3, 'po000001-0000-0000-0000-000000000003'),
  ('rec00001-0000-0000-0000-000000000004', '2026-05-09 11:30:00', NULL, 'emp40001-0000-0000-0000-000000000003', 4, 4, 'po000001-0000-0000-0000-000000000004'),
  ('rec00001-0000-0000-0000-000000000005', '2026-05-09 12:00:00', NULL, 'emp50001-0000-0000-0000-000000000003', 5, 5, 'po000001-0000-0000-0000-000000000005');

-- Receipt Details (3 nguyên liệu / phiếu — khớp với PODetail)
INSERT INTO ReceiptDetail (GoodsReceiptID, IngredientID, Quantity, GoodQuantity, UnitPrice)
VALUES
  -- Receipt 1: bánh phở + thịt bò + cà phê
  ('rec00001-0000-0000-0000-000000000001', 1, 5000, 4950,  50),
  ('rec00001-0000-0000-0000-000000000001', 2, 3000, 3000, 200),
  ('rec00001-0000-0000-0000-000000000001', 3, 2000, 1980, 150),
  -- Receipt 2: trà xanh + sữa tươi + bánh mì
  ('rec00001-0000-0000-0000-000000000002', 4, 2000, 2000,  100),
  ('rec00001-0000-0000-0000-000000000002', 5,   10,   10, 30000),
  ('rec00001-0000-0000-0000-000000000002', 6,  100,   98,  3000),
  -- Receipt 3: thịt heo + gà nguyên con + cam tươi
  ('rec00001-0000-0000-0000-000000000003', 7, 2000, 1950,  120),
  ('rec00001-0000-0000-0000-000000000003', 8,    5,    5, 80000),
  ('rec00001-0000-0000-0000-000000000003', 9,  100,   99,  5000),
  -- Receipt 4: bánh phở + sữa tươi + đường
  ('rec00001-0000-0000-0000-000000000004', 1,  3000, 3000,  50),
  ('rec00001-0000-0000-0000-000000000004', 5,     5,    5, 30000),
  ('rec00001-0000-0000-0000-000000000004', 10,   10,   10, 20000),
  -- Receipt 5: thịt bò + bánh mì + đường
  ('rec00001-0000-0000-0000-000000000005', 2, 2000, 1980, 200),
  ('rec00001-0000-0000-0000-000000000005', 6,   50,   50, 3000),
  ('rec00001-0000-0000-0000-000000000005', 10,  10,   10, 20000);

-- Receipt Changes (3 trạng thái / phiếu: Preparing → Delivering → Received)
INSERT INTO ReceiptChange (ReceiptChangeID, ReceiptID, Status, EmployeeID, UpdateAt)
VALUES
  ('rcg10001-0000-0000-0000-000000000001', 'rec00001-0000-0000-0000-000000000001', 'Preparing',  'emp10001-0000-0000-0000-000000000003', '2026-05-09 09:00:00'),
  ('rcg10001-0000-0000-0000-000000000002', 'rec00001-0000-0000-0000-000000000001', 'Delivering', 'emp10001-0000-0000-0000-000000000003', '2026-05-09 09:30:00'),
  ('rcg10001-0000-0000-0000-000000000003', 'rec00001-0000-0000-0000-000000000001', 'Received',   'emp10001-0000-0000-0000-000000000003', '2026-05-09 10:30:00'),
  ('rcg20001-0000-0000-0000-000000000001', 'rec00001-0000-0000-0000-000000000002', 'Preparing',  'emp20001-0000-0000-0000-000000000003', '2026-05-09 09:30:00'),
  ('rcg20001-0000-0000-0000-000000000002', 'rec00001-0000-0000-0000-000000000002', 'Delivering', 'emp20001-0000-0000-0000-000000000003', '2026-05-09 10:00:00'),
  ('rcg20001-0000-0000-0000-000000000003', 'rec00001-0000-0000-0000-000000000002', 'Received',   'emp20001-0000-0000-0000-000000000003', '2026-05-09 11:00:00'),
  ('rcg30001-0000-0000-0000-000000000001', 'rec00001-0000-0000-0000-000000000003', 'Preparing',  'emp30001-0000-0000-0000-000000000003', '2026-05-09 10:00:00'),
  ('rcg30001-0000-0000-0000-000000000002', 'rec00001-0000-0000-0000-000000000003', 'Delivering', 'emp30001-0000-0000-0000-000000000003', '2026-05-09 10:30:00'),
  ('rcg30001-0000-0000-0000-000000000003', 'rec00001-0000-0000-0000-000000000003', 'Received',   'emp30001-0000-0000-0000-000000000003', '2026-05-09 11:30:00'),
  ('rcg40001-0000-0000-0000-000000000001', 'rec00001-0000-0000-0000-000000000004', 'Preparing',  'emp40001-0000-0000-0000-000000000003', '2026-05-09 10:30:00'),
  ('rcg40001-0000-0000-0000-000000000002', 'rec00001-0000-0000-0000-000000000004', 'Delivering', 'emp40001-0000-0000-0000-000000000003', '2026-05-09 11:00:00'),
  ('rcg40001-0000-0000-0000-000000000003', 'rec00001-0000-0000-0000-000000000004', 'Received',   'emp40001-0000-0000-0000-000000000003', '2026-05-09 12:00:00'),
  ('rcg50001-0000-0000-0000-000000000001', 'rec00001-0000-0000-0000-000000000005', 'Preparing',  'emp50001-0000-0000-0000-000000000003', '2026-05-09 11:00:00'),
  ('rcg50001-0000-0000-0000-000000000002', 'rec00001-0000-0000-0000-000000000005', 'Delivering', 'emp50001-0000-0000-0000-000000000003', '2026-05-09 11:30:00'),
  ('rcg50001-0000-0000-0000-000000000003', 'rec00001-0000-0000-0000-000000000005', 'Received',   'emp50001-0000-0000-0000-000000000003', '2026-05-09 12:30:00');


-- ================================================================
-- 17. INVENTORY BATCH (3 lô / kho = 15 lô tổng)
--     Mỗi lô gắn với 1 ReceiptDetail cụ thể
-- ================================================================
INSERT INTO InventoryBatch (
  BatchID, WarehouseID,
  ImportDate, Exp, Mfd,
  QuantityOriginal, QuantityOnHand, Status, UnitCost,
  UpdatedAt, BatchCode, Note,
  IngredientID, GoodsReceiptID,
  ReceiptDetailGoodsReceiptID, ReceiptDetailIngredientID,
  BatchType
) VALUES
-- Warehouse 1 (Store 1): bánh phở, thịt bò, cà phê rang
('bat10001-0000-0000-0000-000000000001', 1, '2026-05-09 11:00:00', '2026-11-09', '2026-04-01', 4950, 4700, 'Available',  50, NULL, 'BT-PHO-20260509',  NULL, 1, 'rec00001-0000-0000-0000-000000000001', 'rec00001-0000-0000-0000-000000000001', 1, 0),
('bat10001-0000-0000-0000-000000000002', 1, '2026-05-09 11:00:00', '2026-07-09', '2026-04-20', 3000, 2850, 'Available', 200, NULL, 'BT-BO-20260509',   NULL, 2, 'rec00001-0000-0000-0000-000000000001', 'rec00001-0000-0000-0000-000000000001', 2, 0),
('bat10001-0000-0000-0000-000000000003', 1, '2026-05-09 11:00:00', '2026-10-09', '2026-03-15', 1980, 1900, 'Available', 150, NULL, 'BT-CF-20260509',   NULL, 3, 'rec00001-0000-0000-0000-000000000001', 'rec00001-0000-0000-0000-000000000001', 3, 0),
-- Warehouse 2 (Store 2): trà xanh, sữa tươi, bánh mì
('bat20001-0000-0000-0000-000000000001', 2, '2026-05-09 11:30:00', '2026-12-09', '2026-04-01', 2000, 1900, 'Available',  100, NULL, 'BT-TRA-20260509', NULL, 4, 'rec00001-0000-0000-0000-000000000002', 'rec00001-0000-0000-0000-000000000002', 4, 0),
('bat20001-0000-0000-0000-000000000002', 2, '2026-05-09 11:30:00', '2026-06-09', '2026-05-01',   10,    8, 'Available', 30000, NULL, 'BT-SUA-20260509', NULL, 5, 'rec00001-0000-0000-0000-000000000002', 'rec00001-0000-0000-0000-000000000002', 5, 0),
('bat20001-0000-0000-0000-000000000003', 2, '2026-05-09 11:30:00', '2026-08-09', '2026-04-10',   98,   90, 'Available',  3000, NULL, 'BT-BM-20260509',  NULL, 6, 'rec00001-0000-0000-0000-000000000002', 'rec00001-0000-0000-0000-000000000002', 6, 0),
-- Warehouse 3 (Store 3): thịt heo, gà nguyên con, cam tươi
('bat30001-0000-0000-0000-000000000001', 3, '2026-05-09 12:00:00', '2026-07-09', '2026-04-25', 1950, 1800, 'Available',  120, NULL, 'BT-HEO-20260509', NULL, 7, 'rec00001-0000-0000-0000-000000000003', 'rec00001-0000-0000-0000-000000000003', 7, 0),
('bat30001-0000-0000-0000-000000000002', 3, '2026-05-09 12:00:00', '2026-06-09', '2026-05-05',    5,    4, 'Available', 80000, NULL, 'BT-GA-20260509',  NULL, 8, 'rec00001-0000-0000-0000-000000000003', 'rec00001-0000-0000-0000-000000000003', 8, 0),
('bat30001-0000-0000-0000-000000000003', 3, '2026-05-09 12:00:00', '2026-06-09', '2026-05-07',   99,   85, 'Available',  5000, NULL, 'BT-CAM-20260509', NULL, 9, 'rec00001-0000-0000-0000-000000000003', 'rec00001-0000-0000-0000-000000000003', 9, 0),
-- Warehouse 4 (Store 4): bánh phở, sữa tươi, đường
('bat40001-0000-0000-0000-000000000001', 4, '2026-05-09 12:30:00', '2026-11-09', '2026-04-01', 3000, 2900, 'Available',    50, NULL, 'BT-PHO2-20260509', NULL,  1, 'rec00001-0000-0000-0000-000000000004', 'rec00001-0000-0000-0000-000000000004',  1, 0),
('bat40001-0000-0000-0000-000000000002', 4, '2026-05-09 12:30:00', '2026-06-09', '2026-05-01',    5,    4, 'Available', 30000, NULL, 'BT-SUA2-20260509', NULL,  5, 'rec00001-0000-0000-0000-000000000004', 'rec00001-0000-0000-0000-000000000004',  5, 0),
('bat40001-0000-0000-0000-000000000003', 4, '2026-05-09 12:30:00', '2027-05-09', '2026-03-01',   10,    9, 'Available', 20000, NULL, 'BT-DUO-20260509',  NULL, 10, 'rec00001-0000-0000-0000-000000000004', 'rec00001-0000-0000-0000-000000000004', 10, 0),
-- Warehouse 5 (Store 5): thịt bò, bánh mì, đường
('bat50001-0000-0000-0000-000000000001', 5, '2026-05-09 13:00:00', '2026-07-09', '2026-04-20', 1980, 1850, 'Available',  200, NULL, 'BT-BO2-20260509',  NULL,  2, 'rec00001-0000-0000-0000-000000000005', 'rec00001-0000-0000-0000-000000000005',  2, 0),
('bat50001-0000-0000-0000-000000000002', 5, '2026-05-09 13:00:00', '2026-08-09', '2026-04-10',   50,   45, 'Available', 3000, NULL, 'BT-BM2-20260509',  NULL,  6, 'rec00001-0000-0000-0000-000000000005', 'rec00001-0000-0000-0000-000000000005',  6, 0),
('bat50001-0000-0000-0000-000000000003', 5, '2026-05-09 13:00:00', '2027-05-09', '2026-03-01',   10,    9, 'Available', 20000, NULL, 'BT-DUO2-20260509', NULL, 10, 'rec00001-0000-0000-0000-000000000005', 'rec00001-0000-0000-0000-000000000005', 10, 0);


-- ================================================================
-- 18. STOCK MOVEMENT (3 movement / lô = 45 records)
--     1: PurchaseReceipt (nhập kho)
--     2: Consumption     (xuất dùng)
--     3: ManualAdjustment (kiểm kê)
-- ================================================================
INSERT INTO StockMovement (
  StockMovementID, BatchID, EmployeeID,
  QtyChange, MovementType, ReferenceType,
  TimeStamp, Reason, Note, DeleteAt
) VALUES
-- Batch 1 (bánh phở, kho 1)
('stm10001-0000-0000-0000-000000000001', 'bat10001-0000-0000-0000-000000000001', 'emp10001-0000-0000-0000-000000000003',  4950, 'PurchaseReceipt', 'GoodsReceipt', '2026-05-09 11:00:00', 'Nhập kho từ REC-1', NULL, NULL),
('stm10001-0000-0000-0000-000000000002', 'bat10001-0000-0000-0000-000000000001', 'emp10001-0000-0000-0000-000000000003',  -200, 'Consumption',     'Bill',         '2026-05-10 12:00:00', 'Dùng làm Phở Bò',  NULL, NULL),
('stm10001-0000-0000-0000-000000000003', 'bat10001-0000-0000-0000-000000000001', 'emp10001-0000-0000-0000-000000000001',   -50, 'ManualAdjustment','Manual',       '2026-05-11 18:00:00', 'Kiểm kê điều chỉnh', NULL, NULL),
-- Batch 2 (thịt bò, kho 1)
('stm10001-0000-0000-0000-000000000004', 'bat10001-0000-0000-0000-000000000002', 'emp10001-0000-0000-0000-000000000003',  3000, 'PurchaseReceipt', 'GoodsReceipt', '2026-05-09 11:00:00', 'Nhập kho từ REC-1', NULL, NULL),
('stm10001-0000-0000-0000-000000000005', 'bat10001-0000-0000-0000-000000000002', 'emp10001-0000-0000-0000-000000000003',  -100, 'Consumption',     'Bill',         '2026-05-10 12:10:00', 'Dùng làm Phở Bò',  NULL, NULL),
('stm10001-0000-0000-0000-000000000006', 'bat10001-0000-0000-0000-000000000002', 'emp10001-0000-0000-0000-000000000001',   -50, 'Waste',           'Inspection',   '2026-05-11 18:10:00', 'Hao hụt kiểm kê',  NULL, NULL),
-- Batch 3 (cà phê rang, kho 1)
('stm10001-0000-0000-0000-000000000007', 'bat10001-0000-0000-0000-000000000003', 'emp10001-0000-0000-0000-000000000003',  1980, 'PurchaseReceipt', 'GoodsReceipt', '2026-05-09 11:00:00', 'Nhập kho từ REC-1', NULL, NULL),
('stm10001-0000-0000-0000-000000000008', 'bat10001-0000-0000-0000-000000000003', 'emp10001-0000-0000-0000-000000000003',   -50, 'Consumption',     'Bill',         '2026-05-10 12:20:00', 'Dùng pha cà phê',  NULL, NULL),
('stm10001-0000-0000-0000-000000000009', 'bat10001-0000-0000-0000-000000000003', 'emp10001-0000-0000-0000-000000000001',   -30, 'ManualAdjustment','Manual',       '2026-05-11 18:20:00', 'Kiểm kê điều chỉnh', NULL, NULL),
-- Batch 4 (trà xanh, kho 2)
('stm20001-0000-0000-0000-000000000001', 'bat20001-0000-0000-0000-000000000001', 'emp20001-0000-0000-0000-000000000003',  2000, 'PurchaseReceipt', 'GoodsReceipt', '2026-05-09 11:30:00', 'Nhập kho từ REC-2', NULL, NULL),
('stm20001-0000-0000-0000-000000000002', 'bat20001-0000-0000-0000-000000000001', 'emp20001-0000-0000-0000-000000000003',   -60, 'Consumption',     'Bill',         '2026-05-10 13:00:00', 'Dùng pha trà sữa', NULL, NULL),
('stm20001-0000-0000-0000-000000000003', 'bat20001-0000-0000-0000-000000000001', 'emp20001-0000-0000-0000-000000000001',   -40, 'ManualAdjustment','Manual',       '2026-05-11 18:30:00', 'Kiểm kê điều chỉnh', NULL, NULL),
-- Batch 5 (sữa tươi, kho 2)
('stm20001-0000-0000-0000-000000000004', 'bat20001-0000-0000-0000-000000000002', 'emp20001-0000-0000-0000-000000000003',    10, 'PurchaseReceipt', 'GoodsReceipt', '2026-05-09 11:30:00', 'Nhập kho từ REC-2', NULL, NULL),
('stm20001-0000-0000-0000-000000000005', 'bat20001-0000-0000-0000-000000000002', 'emp20001-0000-0000-0000-000000000003',    -1, 'Consumption',     'Bill',         '2026-05-10 13:10:00', 'Dùng pha trà sữa', NULL, NULL),
('stm20001-0000-0000-0000-000000000006', 'bat20001-0000-0000-0000-000000000002', 'emp20001-0000-0000-0000-000000000001',    -1, 'Waste',           'Inspection',   '2026-05-11 18:40:00', 'Hết hạn bỏ bớt',  NULL, NULL),
-- Batch 6 (bánh mì, kho 2)
('stm20001-0000-0000-0000-000000000007', 'bat20001-0000-0000-0000-000000000003', 'emp20001-0000-0000-0000-000000000003',    98, 'PurchaseReceipt', 'GoodsReceipt', '2026-05-09 11:30:00', 'Nhập kho từ REC-2', NULL, NULL),
('stm20001-0000-0000-0000-000000000008', 'bat20001-0000-0000-0000-000000000003', 'emp20001-0000-0000-0000-000000000003',    -5, 'Consumption',     'Bill',         '2026-05-10 13:20:00', 'Dùng làm bánh mì', NULL, NULL),
('stm20001-0000-0000-0000-000000000009', 'bat20001-0000-0000-0000-000000000003', 'emp20001-0000-0000-0000-000000000001',    -3, 'ManualAdjustment','Manual',       '2026-05-11 18:50:00', 'Kiểm kê điều chỉnh', NULL, NULL),
-- Batch 7 (thịt heo, kho 3)
('stm30001-0000-0000-0000-000000000001', 'bat30001-0000-0000-0000-000000000001', 'emp30001-0000-0000-0000-000000000003',  1950, 'PurchaseReceipt', 'GoodsReceipt', '2026-05-09 12:00:00', 'Nhập kho từ REC-3', NULL, NULL),
('stm30001-0000-0000-0000-000000000002', 'bat30001-0000-0000-0000-000000000001', 'emp30001-0000-0000-0000-000000000003',  -100, 'Consumption',     'Bill',         '2026-05-10 12:00:00', 'Dùng làm cơm tấm', NULL, NULL),
('stm30001-0000-0000-0000-000000000003', 'bat30001-0000-0000-0000-000000000001', 'emp30001-0000-0000-0000-000000000001',   -50, 'Waste',           'Inspection',   '2026-05-11 19:00:00', 'Hao hụt kiểm kê',  NULL, NULL),
-- Batch 8 (gà nguyên con, kho 3)
('stm30001-0000-0000-0000-000000000004', 'bat30001-0000-0000-0000-000000000002', 'emp30001-0000-0000-0000-000000000003',     5, 'PurchaseReceipt', 'GoodsReceipt', '2026-05-09 12:00:00', 'Nhập kho từ REC-3', NULL, NULL),
('stm30001-0000-0000-0000-000000000005', 'bat30001-0000-0000-0000-000000000002', 'emp30001-0000-0000-0000-000000000003',    -1, 'Consumption',     'Bill',         '2026-05-10 12:30:00', 'Dùng làm gà rán',  NULL, NULL),
('stm30001-0000-0000-0000-000000000006', 'bat30001-0000-0000-0000-000000000002', 'emp30001-0000-0000-0000-000000000001',     0, 'ManualAdjustment','Manual',       '2026-05-11 19:10:00', 'Kiểm kê OK',       NULL, NULL),
-- Batch 9 (cam tươi, kho 3)
('stm30001-0000-0000-0000-000000000007', 'bat30001-0000-0000-0000-000000000003', 'emp30001-0000-0000-0000-000000000003',    99, 'PurchaseReceipt', 'GoodsReceipt', '2026-05-09 12:00:00', 'Nhập kho từ REC-3', NULL, NULL),
('stm30001-0000-0000-0000-000000000008', 'bat30001-0000-0000-0000-000000000003', 'emp30001-0000-0000-0000-000000000003',   -10, 'Consumption',     'Bill',         '2026-05-10 12:40:00', 'Dùng ép nước cam', NULL, NULL),
('stm30001-0000-0000-0000-000000000009', 'bat30001-0000-0000-0000-000000000003', 'emp30001-0000-0000-0000-000000000001',    -4, 'ManualAdjustment','Manual',       '2026-05-11 19:20:00', 'Kiểm kê điều chỉnh', NULL, NULL),
-- Batch 10 (bánh phở 2, kho 4)
('stm40001-0000-0000-0000-000000000001', 'bat40001-0000-0000-0000-000000000001', 'emp40001-0000-0000-0000-000000000003',  3000, 'PurchaseReceipt', 'GoodsReceipt', '2026-05-09 12:30:00', 'Nhập kho từ REC-4', NULL, NULL),
('stm40001-0000-0000-0000-000000000002', 'bat40001-0000-0000-0000-000000000001', 'emp40001-0000-0000-0000-000000000003',   -50, 'Consumption',     'Bill',         '2026-05-10 11:00:00', 'Dùng làm Phở Bò',  NULL, NULL),
('stm40001-0000-0000-0000-000000000003', 'bat40001-0000-0000-0000-000000000001', 'emp40001-0000-0000-0000-000000000001',   -50, 'ManualAdjustment','Manual',       '2026-05-11 19:30:00', 'Kiểm kê điều chỉnh', NULL, NULL),
-- Batch 11 (sữa tươi 2, kho 4)
('stm40001-0000-0000-0000-000000000004', 'bat40001-0000-0000-0000-000000000002', 'emp40001-0000-0000-0000-000000000003',     5, 'PurchaseReceipt', 'GoodsReceipt', '2026-05-09 12:30:00', 'Nhập kho từ REC-4', NULL, NULL),
('stm40001-0000-0000-0000-000000000005', 'bat40001-0000-0000-0000-000000000002', 'emp40001-0000-0000-0000-000000000003',    -1, 'Consumption',     'Bill',         '2026-05-10 11:10:00', 'Dùng pha trà sữa', NULL, NULL),
('stm40001-0000-0000-0000-000000000006', 'bat40001-0000-0000-0000-000000000002', 'emp40001-0000-0000-0000-000000000001',     0, 'ManualAdjustment','Manual',       '2026-05-11 19:40:00', 'Kiểm kê OK',       NULL, NULL),
-- Batch 12 (đường, kho 4)
('stm40001-0000-0000-0000-000000000007', 'bat40001-0000-0000-0000-000000000003', 'emp40001-0000-0000-0000-000000000003',    10, 'PurchaseReceipt', 'GoodsReceipt', '2026-05-09 12:30:00', 'Nhập kho từ REC-4', NULL, NULL),
('stm40001-0000-0000-0000-000000000008', 'bat40001-0000-0000-0000-000000000003', 'emp40001-0000-0000-0000-000000000003',    -1, 'Consumption',     'Bill',         '2026-05-10 11:20:00', 'Dùng thêm đường',  NULL, NULL),
('stm40001-0000-0000-0000-000000000009', 'bat40001-0000-0000-0000-000000000003', 'emp40001-0000-0000-0000-000000000001',     0, 'ManualAdjustment','Manual',       '2026-05-11 19:50:00', 'Kiểm kê OK',       NULL, NULL),
-- Batch 13 (thịt bò 2, kho 5)
('stm50001-0000-0000-0000-000000000001', 'bat50001-0000-0000-0000-000000000001', 'emp50001-0000-0000-0000-000000000003',  1980, 'PurchaseReceipt', 'GoodsReceipt', '2026-05-09 13:00:00', 'Nhập kho từ REC-5', NULL, NULL),
('stm50001-0000-0000-0000-000000000002', 'bat50001-0000-0000-0000-000000000001', 'emp50001-0000-0000-0000-000000000003',   -80, 'Consumption',     'Bill',         '2026-05-10 14:00:00', 'Dùng làm Phở Bò',  NULL, NULL),
('stm50001-0000-0000-0000-000000000003', 'bat50001-0000-0000-0000-000000000001', 'emp50001-0000-0000-0000-000000000001',   -50, 'Waste',           'Inspection',   '2026-05-11 20:00:00', 'Hao hụt kiểm kê',  NULL, NULL),
-- Batch 14 (bánh mì 2, kho 5)
('stm50001-0000-0000-0000-000000000004', 'bat50001-0000-0000-0000-000000000002', 'emp50001-0000-0000-0000-000000000003',    50, 'PurchaseReceipt', 'GoodsReceipt', '2026-05-09 13:00:00', 'Nhập kho từ REC-5', NULL, NULL),
('stm50001-0000-0000-0000-000000000005', 'bat50001-0000-0000-0000-000000000002', 'emp50001-0000-0000-0000-000000000003',    -3, 'Consumption',     'Bill',         '2026-05-10 14:10:00', 'Dùng làm bánh mì', NULL, NULL),
('stm50001-0000-0000-0000-000000000006', 'bat50001-0000-0000-0000-000000000002', 'emp50001-0000-0000-0000-000000000001',    -2, 'ManualAdjustment','Manual',       '2026-05-11 20:10:00', 'Kiểm kê điều chỉnh', NULL, NULL),
-- Batch 15 (đường 2, kho 5)
('stm50001-0000-0000-0000-000000000007', 'bat50001-0000-0000-0000-000000000003', 'emp50001-0000-0000-0000-000000000003',    10, 'PurchaseReceipt', 'GoodsReceipt', '2026-05-09 13:00:00', 'Nhập kho từ REC-5', NULL, NULL),
('stm50001-0000-0000-0000-000000000008', 'bat50001-0000-0000-0000-000000000003', 'emp50001-0000-0000-0000-000000000003',    -1, 'Consumption',     'Bill',         '2026-05-10 14:20:00', 'Dùng thêm đường',  NULL, NULL),
('stm50001-0000-0000-0000-000000000009', 'bat50001-0000-0000-0000-000000000003', 'emp50001-0000-0000-0000-000000000001',     0, 'ManualAdjustment','Manual',       '2026-05-11 20:20:00', 'Kiểm kê OK',       NULL, NULL);


-- ================================================================
-- 19. BILL (5 hoá đơn)
--     Bill 1-3: ăn tại bàn (TableID != NULL)
--     Bill 4-5: giao hàng  (TableID = NULL)
--     Mỗi bill có 3 dòng chi tiết + 3 trạng thái
-- ================================================================
INSERT INTO Bill (
  BillID, UserID, StoreID, VAT, PaymentMethods, Note,
  Total, MoneyReceived, MoneyGiveBack, TableID, DeletedAt
) VALUES
  -- Bill 1: ăn tại bàn, Store 1, bàn 1, khách 1
  ('bil00001-0000-0000-0000-000000000001',
   'cus00001-0000-0000-0000-000000000001', 1,
   0.10, 'Cash', NULL,
   148500, 150000, 1500, 1, NULL),

  -- Bill 2: ăn tại bàn, Store 2, bàn 4, khách 2
  ('bil00001-0000-0000-0000-000000000002',
   'cus00001-0000-0000-0000-000000000002', 2,
   0.10, 'Cash', NULL,
   159500, 160000, 500, 4, NULL),

  -- Bill 3: ăn tại bàn, Store 3, bàn 7, khách 3
  ('bil00001-0000-0000-0000-000000000003',
   'cus00001-0000-0000-0000-000000000003', 3,
   0.10, 'Cash', NULL,
   140800, 150000, 9200, 7, NULL),

  -- Bill 4: giao hàng, Store 4, khách 4
  ('bil00001-0000-0000-0000-000000000004',
   'cus00001-0000-0000-0000-000000000004', 4,
   0.10, 'Card', 'Giao tại nhà',
   154000, 154000, 0, NULL, NULL),

  -- Bill 5: giao hàng, Store 5, khách 5
  ('bil00001-0000-0000-0000-000000000005',
   'cus00001-0000-0000-0000-000000000005', 5,
   0.10, 'Card', 'Giao tại nhà',
   220000, 220000, 0, NULL, NULL);

-- Bill Details (3 sản phẩm / bill)
INSERT INTO BillDetail (BillID, ProductVarientID, Quantity, Price, InlineTotal)
VALUES
  -- Bill 1: Phở Bò M + Trà Sữa M + Cà Phê Đen S
  ('bil00001-0000-0000-0000-000000000001', 2,  1, 65000, 65000),
  ('bil00001-0000-0000-0000-000000000001', 17, 1, 45000, 45000),
  ('bil00001-0000-0000-0000-000000000001', 13, 1, 25000, 25000),
  -- Bill 2: Cơm Tấm M + Gà Rán S + Nước Cam M
  ('bil00001-0000-0000-0000-000000000002', 8,  1, 60000, 60000),
  ('bil00001-0000-0000-0000-000000000002', 10, 1, 45000, 45000),
  ('bil00001-0000-0000-0000-000000000002', 20, 1, 40000, 40000),
  -- Bill 3: Combo Phở+CF M + Bánh Mì L + Đường Thêm S
  ('bil00001-0000-0000-0000-000000000003', 26, 1, 85000, 85000),
  ('bil00001-0000-0000-0000-000000000003', 6,  1, 40000, 40000),
  ('bil00001-0000-0000-0000-000000000003', 22, 1,  3000,  3000),
  -- Bill 4: Trà Sữa L + Phở Bò S + Cà Phê Đen M
  ('bil00001-0000-0000-0000-000000000004', 18, 1, 55000, 55000),
  ('bil00001-0000-0000-0000-000000000004', 1,  1, 55000, 55000),
  ('bil00001-0000-0000-0000-000000000004', 14, 1, 30000, 30000),
  -- Bill 5: Combo Cơm+Trà L + Gà Rán M + Nước Cam S
  ('bil00001-0000-0000-0000-000000000005', 30, 1, 115000, 115000),
  ('bil00001-0000-0000-0000-000000000005', 11, 1,  55000,  55000),
  ('bil00001-0000-0000-0000-000000000005', 19, 1,  30000,  30000);

-- Bill Changes (3 trạng thái / bill: Create → UnPaid → Paid)
INSERT INTO BillChange (BillChangeID, BillID, EmployeeID, ChangeAt, Status)
VALUES
  -- Bill 1
  ('bch10001-0000-0000-0000-000000000001', 'bil00001-0000-0000-0000-000000000001', 'emp10001-0000-0000-0000-000000000002', '2026-05-10 12:00:00', 'Create'),
  ('bch10001-0000-0000-0000-000000000002', 'bil00001-0000-0000-0000-000000000001', 'emp10001-0000-0000-0000-000000000002', '2026-05-10 12:20:00', 'UnPaid'),
  ('bch10001-0000-0000-0000-000000000003', 'bil00001-0000-0000-0000-000000000001', 'emp10001-0000-0000-0000-000000000002', '2026-05-10 12:30:00', 'Paid'),
  -- Bill 2
  ('bch20001-0000-0000-0000-000000000001', 'bil00001-0000-0000-0000-000000000002', 'emp20001-0000-0000-0000-000000000002', '2026-05-10 13:00:00', 'Create'),
  ('bch20001-0000-0000-0000-000000000002', 'bil00001-0000-0000-0000-000000000002', 'emp20001-0000-0000-0000-000000000002', '2026-05-10 13:25:00', 'UnPaid'),
  ('bch20001-0000-0000-0000-000000000003', 'bil00001-0000-0000-0000-000000000002', 'emp20001-0000-0000-0000-000000000002', '2026-05-10 13:35:00', 'Paid'),
  -- Bill 3
  ('bch30001-0000-0000-0000-000000000001', 'bil00001-0000-0000-0000-000000000003', 'emp30001-0000-0000-0000-000000000002', '2026-05-10 11:30:00', 'Create'),
  ('bch30001-0000-0000-0000-000000000002', 'bil00001-0000-0000-0000-000000000003', 'emp30001-0000-0000-0000-000000000002', '2026-05-10 11:50:00', 'UnPaid'),
  ('bch30001-0000-0000-0000-000000000003', 'bil00001-0000-0000-0000-000000000003', 'emp30001-0000-0000-0000-000000000002', '2026-05-10 12:00:00', 'Paid'),
  -- Bill 4
  ('bch40001-0000-0000-0000-000000000001', 'bil00001-0000-0000-0000-000000000004', 'emp40001-0000-0000-0000-000000000002', '2026-05-10 14:00:00', 'Create'),
  ('bch40001-0000-0000-0000-000000000002', 'bil00001-0000-0000-0000-000000000004', 'emp40001-0000-0000-0000-000000000002', '2026-05-10 14:15:00', 'UnPaid'),
  ('bch40001-0000-0000-0000-000000000003', 'bil00001-0000-0000-0000-000000000004', 'emp40001-0000-0000-0000-000000000002', '2026-05-10 14:30:00', 'Paid'),
  -- Bill 5
  ('bch50001-0000-0000-0000-000000000001', 'bil00001-0000-0000-0000-000000000005', 'emp50001-0000-0000-0000-000000000002', '2026-05-10 15:00:00', 'Create'),
  ('bch50001-0000-0000-0000-000000000002', 'bil00001-0000-0000-0000-000000000005', 'emp50001-0000-0000-0000-000000000002', '2026-05-10 15:20:00', 'UnPaid'),
  ('bch50001-0000-0000-0000-000000000003', 'bil00001-0000-0000-0000-000000000005', 'emp50001-0000-0000-0000-000000000002', '2026-05-10 15:30:00', 'Paid');


-- ================================================================
-- 20. DELIVERY INFO + DELIVERY LOG (cho Bill 4 và Bill 5)
--     Mỗi đơn giao có 3 log trạng thái
-- ================================================================
INSERT INTO DeliveryInfo (DeliveryID, BillID, UserID, AddressID, ShippingFee, Note, DeletedAt)
VALUES
  ('del00001-0000-0000-0000-000000000001',
   'bil00001-0000-0000-0000-000000000004',
   'cus00001-0000-0000-0000-000000000004',
   'add00001-0000-0000-0000-000000000024',
   15000, NULL, NULL),

  ('del00001-0000-0000-0000-000000000002',
   'bil00001-0000-0000-0000-000000000005',
   'cus00001-0000-0000-0000-000000000005',
   'add00001-0000-0000-0000-000000000025',
   20000, NULL, NULL);

INSERT INTO DeliveryLog (LogID, DeliveryID, EmployeeID, Status, ChangeAt, Note)
VALUES
  -- Đơn giao 1 (Bill 4)
  ('dlg10001-0000-0000-0000-000000000001', 'del00001-0000-0000-0000-000000000001', 'emp40001-0000-0000-0000-000000000002', 'Pending',   '2026-05-10 14:00:00', NULL),
  ('dlg10001-0000-0000-0000-000000000002', 'del00001-0000-0000-0000-000000000001', 'emp40001-0000-0000-0000-000000000002', 'Confirmed', '2026-05-10 14:05:00', NULL),
  ('dlg10001-0000-0000-0000-000000000003', 'del00001-0000-0000-0000-000000000001', 'emp40001-0000-0000-0000-000000000002', 'Delivered', '2026-05-10 15:00:00', NULL),
  -- Đơn giao 2 (Bill 5)
  ('dlg20001-0000-0000-0000-000000000001', 'del00001-0000-0000-0000-000000000002', 'emp50001-0000-0000-0000-000000000002', 'Pending',   '2026-05-10 15:00:00', NULL),
  ('dlg20001-0000-0000-0000-000000000002', 'del00001-0000-0000-0000-000000000002', 'emp50001-0000-0000-0000-000000000002', 'Confirmed', '2026-05-10 15:08:00', NULL),
  ('dlg20001-0000-0000-0000-000000000003', 'del00001-0000-0000-0000-000000000002', 'emp50001-0000-0000-0000-000000000002', 'Delivered', '2026-05-10 16:10:00', NULL);


-- ================================================================
-- DONE ✓
--
-- TỔNG KẾT DỮ LIỆU:
-- ┌─────────────────────┬────────┐
-- │ Bảng                │ Số BG  │
-- ├─────────────────────┼────────┤
-- │ Store               │ 5      │
-- │ Supplier            │ 5      │
-- │ User (khách)        │ 5      │
-- │ Employee            │ 15     │
-- │ Address             │ 15     │
-- │ Ingredient          │ 10     │
-- │ Product             │ 10     │
-- │ ProductVarient      │ 30     │
-- │ DiningTable         │ 15     │
-- │ Warehouse           │ 5      │
-- │ Ticket              │ 5      │
-- │ Shift               │ 45     │
-- │ PurchaseOrder       │ 5      │
-- │ PODetail            │ 15     │
-- │ POApproval          │ 15     │
-- │ Receipt             │ 5      │
-- │ ReceiptDetail       │ 15     │
-- │ ReceiptChange       │ 15     │
-- │ InventoryBatch      │ 15     │
-- │ StockMovement       │ 45     │
-- │ Bill                │ 5      │
-- │ BillDetail          │ 15     │
-- │ BillChange          │ 15     │
-- │ DeliveryInfo        │ 2      │
-- │ DeliveryLog         │ 6      │
-- └─────────────────────┴────────┘
--
-- TÀI KHOẢN TEST (mật khẩu: password):
-- ┌──────────────────┬──────────────────────────┬──────────┬──────────────┐
-- │ UserName         │ Email                    │ Password │ Role/Store   │
-- ├──────────────────┼──────────────────────────┼──────────┼──────────────┤
-- │ nguyen_van_a     │ van.a@gmail.com           │ password │ Khách hàng  │
-- │ tran_thi_b       │ thi.b@gmail.com           │ password │ Khách hàng  │
-- │ le_van_c         │ van.c@gmail.com           │ password │ Khách hàng  │
-- │ pham_thi_d       │ thi.d@gmail.com           │ password │ Khách hàng  │
-- │ hoang_van_e      │ van.e@gmail.com           │ password │ Khách hàng  │
-- │ manager_q5       │ manager.q5@jolibee.vn    │ password │ Manager/1   │
-- │ dining_q5        │ dining.q5@jolibee.vn     │ password │ Dining/1    │
-- │ kitchen_q5       │ kitchen.q5@jolibee.vn    │ password │ Kitchen/1   │
-- │ manager_q1       │ manager.q1@jolibee.vn    │ password │ Manager/2   │
-- │ manager_q3       │ manager.q3@jolibee.vn    │ password │ Manager/3   │
-- │ manager_bt       │ manager.bt@jolibee.vn    │ password │ Manager/4   │
-- │ manager_gv       │ manager.gv@jolibee.vn    │ password │ Manager/5   │
-- └──────────────────┴──────────────────────────┴──────────┴──────────────┘
-- ================================================================
